Местоположение вагонов,Unnamed: 1,Unnamed: 2,Unnamed: 3,Unnamed: 4,Unnamed: 5,Unnamed: 6
id,station_id,loaded_empty,cars_quantity,car_type,period,wait_time
ID расположения,"ID станции (обязательно шесть цифр, не пустое)","Флаг загруженного вагона (0 или 1, может быть пустое)",Количество вагонов (не пустое и не может быть больше 100 и отрицательным),Тип вагога,Период,Время ожидания
1,240000,0,1,1,1,от 1 до 5
2,240000,0,1,1,1,от 1 до 6
3,240000,0,1,1,1,от 4 до 8
4,240000,0,1,1,1,от 19 до 21
5,240000,0,1,1,1,от 1 до 23
6,240000,0,1,1,6,от 0 до 0
7,240000,0,2,1,1,от 3 до 22
8,240000,0,3,1,-3,от 0 до 7
9,240000,0,5,1,1,от 1 до 4
10,240000,1,2,1,1,от 1 до 1
11,242306,1,1,1,1,от 0 до 0
12,243607,0,1,1,1,от 2 до 3
13,243607,0,1,1,1,от 6 до 8
14,243607,0,1,1,1,от 9 до 9
15,243607,0,2,1,1,от 2 до 12
16,243607,0,2,1,1,от 5 до 19
17,243607,0,3,1,1,от 1 до 2
18,243607,0,3,1,1,от 8 до 15
19,243607,0,4,1,1,от 19 до 19
20,243607,0,7,1,1,от 12 до 16
21,243607,0,32,1,1,от 5 до 6
22,243607,1,1,1,1,от 0 до 0
23,243607,1,1,1,2,от 0 до 0
24,243607,1,2,1,-6,от 3 до 3
25,243607,1,4,1,3,от 0 до 0
26,243607,1,32,1,3,от 0 до 0
27,244208,0,1,1,1,от 0 до 4
28,244208,0,1,1,1,от 7 до 22
29,244208,0,1,1,1,от 26 до 28
30,247206,0,1,1,1,от 5 до 17
31,247206,0,2,1,1,от 10 до 16
32,247206,0,10,1,1,от 0 до 2
33,247206,1,38,1,1,от 2 до 2
34,247206,1,48,1,1,от 0 до 0
35,248504,1,1,1,1,от 0 до 0
36,248504,1,1,1,2,от 0 до 0
37,248504,1,1,1,7,от 0 до 0
38,248504,1,2,1,3,от 0 до 0
39,248504,1,10,1,1,от 0 до 2
40,249004,1,1,1,2,от 0 до 0
41,250001,0,1,1,1,от 5 до 6
42,250001,1,24,1,1,от 0 до 0
43,250209,0,1,1,1,от 0 до 3
44,250209,1,1,1,1,от 0 до 1
45,250209,1,1,1,7,от 0 до 0
46,250707,0,1,1,1,от 0 до 2
47,250707,0,1,1,1,от 6 до 6
48,250707,1,2,1,1,от 0 до 2
49,251004,0,1,1,1,от 0 до 2
50,251004,1,1,1,1,от 0 до 0
51,251004,1,8,1,1,от 2 до 2
52,251004,1,10,1,3,от 0 до 0
53,253103,1,1,1,2,от 0 до 0
54,253103,1,2,1,1,от 0 до 0
55,254002,1,1,1,1,от 1 до 1
56,254708,1,1,1,1,от 1 до 2
57,255409,0,1,1,1,от 2 до 2
58,255503,1,1,1,1,от 0 до 0
59,255503,1,1,1,6,от 0 до 0
60,255607,1,1,1,1,от 1 до 1
61,255804,0,6,1,1,от 0 до 6
62,256703,0,1,1,1,от 2 до 10
63,257301,0,3,1,1,от 0 до 7
64,257602,0,1,1,1,от 3 до 3
65,258107,1,1,1,1,от 0 до 1
66,259006,0,1,1,1,от 3 до 8
67,259006,0,1,1,1,от 15 до 20
68,259006,0,5,1,1,от 0 до 3
69,260003,0,1,1,4,от 0 до 0
70,260107,0,1,1,1,от 2 до 5
71,260107,0,15,1,1,от 0 до 2
72,260107,1,1,1,1,от 0 до 2
73,260107,1,1,1,8,от 0 до 0
74,260107,1,5,1,3,от 0 до 0
75,261203,1,1,1,3,от 0 до 0
76,261203,1,2,1,6,от 0 до 0
77,261307,1,1,1,3,от 0 до 0
78,262704,1,2,1,1,от 1 до 2
79,264907,1,1,1,1,от 0 до 0
80,264907,1,1,1,4,от 0 до 0
81,270005,0,1,1,1,от 4 до 11
82,270306,0,1,1,1,от 3 до 10
83,270306,0,1,1,1,от 8 до 13
84,270306,1,1,1,3,от 0 до 0
85,270804,0,1,1,1,от 2 до 9
86,270804,0,1,1,1,от 12 до 15
87,271205,0,1,1,1,от 2 до 3
88,271205,0,1,1,1,от 3 до 4
89,271205,0,1,1,1,от 5 до 5
90,271205,0,3,1,1,от 0 до 0
91,271309,1,3,1,2,от 0 до 0
92,272903,0,2,1,1,от 1 до 4
93,272903,0,2,1,1,от 0 до 13
94,273107,0,2,1,1,от 0 до 0
95,273605,0,1,1,1,от 2 до 4
96,273605,0,1,1,1,от 5 до 5
97,273605,0,1,1,1,от 2 до 9
98,273605,0,1,1,1,от 12 до 13
99,273605,0,2,1,1,от 1 до 1
100,273605,0,2,1,1,от 6 до 10
101,273605,0,2,1,1,от 15 до 16
102,273605,0,3,1,1,от 2 до 2
103,273605,0,7,1,1,от 0 до 0
104,273605,1,1,1,1,от 0 до 0
105,273605,1,1,1,1,от 0 до 1
106,274006,0,1,1,1,от 0 до 2
107,274006,0,1,1,1,от 3 до 3
108,274006,0,1,1,1,от 28 до 38
109,274307,0,5,1,1,от 3 до 5
110,274608,0,1,1,1,от 6 до 10
111,274608,0,1,1,1,от 2 до 16
112,274608,0,2,1,1,от 4 до 6
113,274608,0,3,1,1,от 0 до 0
114,274608,0,6,1,1,от 0 до 2
115,274608,0,6,1,1,от 4 до 5
116,275704,1,1,1,3,от 0 до 0
117,277409,0,1,1,1,от 0 до 0
118,830003,0,1,1,1,от 0 до 2
119,830003,0,1,1,1,от 2 до 4
120,830003,0,1,1,1,от 13 до 18
121,830003,0,1,1,1,от 20 до 22
122,830003,0,1,1,1,от 14 до 28
123,830003,0,1,1,1,от 57 до 59
124,830003,0,1,1,1,от 50 до 89
125,830200,0,1,1,1,от 50 до 65
126,830304,1,8,1,1,от 0 до 1
127,830304,1,11,1,1,от 0 до 0
128,830304,1,13,1,3,от 0 до 0
129,831203,1,1,1,1,от 0 до 0
130,831400,0,1,1,1,от 2 до 6
131,831400,0,1,1,1,от 0 до 7
132,831400,0,1,1,1,от 3 до 11
133,831400,0,2,1,1,от 0 до 0
134,831400,0,3,1,1,от 0 до 2
135,831400,0,4,1,1,от 4 до 14
136,831400,1,1,1,3,от 0 до 0
137,831400,1,7,1,1,от 1 до 1
138,831400,1,26,1,1,от 0 до 0
139,831400,1,60,1,1,от 1 до 1
140,831400,1,116,1,1,от 0 до 0
141,831504,1,10,1,1,от 0 до 0
142,831504,1,58,1,1,от 0 до 0
143,831608,0,1,1,1,от 3 до 5
144,831608,0,1,1,1,от 4 до 8
145,831608,0,1,1,1,от 4 до 12
146,831608,1,6,1,2,от 0 до 0
147,831805,1,12,1,1,от 0 до 0
148,832808,1,7,1,2,от 0 до 0
149,833302,1,2,1,1,от 0 до 0
150,833603,0,1,1,1,от 1 до 3
151,833603,0,1,1,1,от 4 до 4
152,833603,0,1,1,3,от 0 до 0
153,833603,0,3,1,1,от 1 до 1
154,833603,0,4,1,1,от 24 до 33
155,833603,0,7,1,1,от 1 до 2
156,833603,0,8,1,1,от 0 до 0
157,833603,0,8,1,2,от 0 до 0
158,833603,0,13,1,3,от 0 до 0
159,836103,0,1,1,1,от 3 до 10
160,836103,0,2,1,2,от 0 до 0
161,836601,0,2,1,2,от 0 до 0
162,840005,0,1,1,1,от 0 до 0
163,840005,0,1,1,1,от 0 до 2
164,840109,0,1,1,1,от 5 до 5
165,840109,0,1,1,1,от 3 до 10
166,840109,0,2,1,1,от 5 до 8
167,840109,0,3,1,1,от 0 до 4
168,840109,0,5,1,1,от 1 до 2
169,840109,1,1,1,1,от 0 до 0
170,840109,1,1,1,4,от 0 до 0
171,840109,1,2,1,2,от 0 до 0
172,841402,0,2,1,1,от 1 до 2
173,843200,0,1,1,1,от 1 до 4
174,843200,0,1,1,1,от 13 до 17
175,843200,0,1,1,1,от 17 до 22
176,843200,0,2,1,1,от 1 до 2
177,843200,0,2,1,1,от 4 до 8
178,843200,1,1,1,1,от 1 до 2
179,843408,0,1,1,1,от 0 до 0
180,843408,0,1,1,1,от 4 до 5
181,843408,0,1,1,1,от 10 до 11
182,843408,0,1,1,1,от 4 до 12
183,843408,0,1,1,1,от 19 до 25
184,843408,0,1,1,1,от 20 до 26
185,843408,0,1,1,1,от 13 до 28
186,843408,0,1,1,2,от 0 до 0
187,843408,0,1,1,5,от 0 до 0
188,843408,0,1,1,9,от 0 до 0
189,843408,0,2,1,1,от 1 до 4
190,843408,0,2,1,1,от 1 до 7
191,843408,0,2,1,1,от 10 до 13
192,843408,0,2,1,1,от 7 до 24
193,843408,0,3,1,1,от 21 до 26
194,843408,0,4,1,1,от 1 до 3
195,843408,0,8,1,1,от 2 до 2
196,843408,1,1,1,1,от 0 до 0
197,843408,1,1,1,1,от 0 до 2
198,843408,1,1,1,2,от 0 до 0
199,844701,1,3,1,2,от 0 до 0
200,845901,0,1,1,1,от 1 до 2
201,850007,0,1,1,1,от 6 до 8
202,850007,0,1,1,1,от 2 до 15
203,850007,0,2,1,1,от 1 до 1
204,850007,0,3,1,1,от 16 до 20
205,850204,0,1,1,1,от 2 до 2
206,850204,0,2,1,1,от 1 до 3
207,850204,0,8,1,1,от 3 до 6
208,850308,0,1,1,1,от 3 до 3
209,850308,0,3,1,1,от 1 до 2
210,850308,1,1,1,1,от 0 до 0
211,850308,1,1,1,1,от 1 до 3
212,850308,1,1,1,4,от 0 до 0
213,850308,1,1,1,5,от 0 до 0
214,850308,1,2,1,1,от 0 до 2
215,850308,1,3,1,1,от 1 до 1
216,850505,0,1,1,1,от 3 до 6
217,851207,0,1,1,1,от 0 до 6
218,851207,0,1,1,1,от 3 до 7
219,851207,0,1,1,1,от 8 до 10
220,851207,0,1,1,1,от 9 до 16
221,851207,0,2,1,1,от 0 до 2
222,851207,0,2,1,1,от 0 до 3
223,851207,0,2,1,1,от 1 до 4
224,851207,0,5,1,1,от 4 до 7
225,851207,1,1,1,1,от 0 до 0
226,851207,1,1,1,1,от 1 до 2
227,851207,1,1,1,3,от 0 до 0
228,851207,1,1,1,4,от 0 до 0
229,851207,1,1,1,5,от 0 до 0
230,851508,0,1,1,1,от 3 до 3
231,851508,0,1,1,1,от 0 до 5
232,851508,0,2,1,1,от 1 до 1
233,851508,1,1,1,1,от 2 до 2
234,851508,1,1,1,5,от 0 до 0
235,851508,1,1,1,8,от 0 до 0
236,851508,1,2,1,1,от 0 до 0
237,851601,1,1,1,5,от 0 до 0
238,851601,1,1,1,6,от 0 до 0
239,851601,1,1,1,15,от 0 до 0
240,851601,1,2,1,12,от 0 до 0
241,851601,1,3,1,2,от 0 до 0
242,852708,0,1,1,1,от 7 до 7
243,852708,0,4,1,1,от 1 до 2
244,852708,1,1,1,1,от 0 до 0
245,852708,1,1,1,1,от 0 до 2
246,852708,1,1,1,2,от 0 до 0
247,852708,1,1,1,5,от 0 до 0
248,852708,1,1,1,9,от 0 до 0
249,852708,1,2,1,1,от 0 до 0
250,852708,1,2,1,3,от 0 до 0
251,852708,1,2,1,5,от 0 до 0
252,852708,1,3,1,1,от 1 до 2
253,853005,0,1,1,1,от 0 до 2
254,853005,0,1,1,1,от 3 до 3
255,853005,0,2,1,1,от 0 до 5
256,853005,0,2,1,1,от 3 до 10
257,853005,1,10,1,1,от 0 до 0
258,853005,1,10,1,1,от 1 до 1
259,853109,0,3,1,1,от 2 до 3
260,853306,0,1,1,1,от 1 до 3
261,853804,0,1,1,1,от 0 до 2
262,853804,0,2,1,1,от 1 до 3
263,853804,1,1,1,5,от 0 до 0
264,860009,0,1,1,1,от 0 до 0
265,860009,0,1,1,1,от 2 до 4
266,860009,0,1,1,1,от 3 до 5
267,860009,0,1,1,1,от 2 до 7
268,860009,0,1,1,1,от 0 до 9
269,860009,0,1,1,1,от 6 до 16
270,860009,0,1,1,1,от 2 до 19
271,860009,0,1,1,1,от 8 до 21
272,860009,0,1,1,1,от 22 до 23
273,860009,0,1,1,1,от 12 до 25
274,860009,0,1,1,1,от 19 до 26
275,860009,0,1,1,1,от 24 до 27
276,860009,0,1,1,1,от 17 до 28
277,860009,0,1,1,1,от 20 до 30
278,860009,0,1,1,1,от 28 до 34
279,860009,0,1,1,1,от 19 до 57
280,860009,0,1,1,1,от 33 до 61
281,860009,0,1,1,1,от 12 до 64
282,860009,0,1,1,1,от 50 до 71
283,860009,0,1,1,1,от 58 до 72
284,860009,0,1,1,1,от 84 до 91
285,860009,0,1,1,1,от 72 до 94
286,860009,0,1,1,1,от 74 до 102
287,860009,0,1,1,1,от 39 до 114
288,860009,0,1,1,11,от 0 до 0
289,860009,0,2,1,1,от 2 до 10
290,860009,0,2,1,1,от 0 до 13
291,860009,0,2,1,1,от 12 до 20
292,860009,0,2,1,1,от 26 до 31
293,860009,0,2,1,1,от 25 до 32
294,860009,0,2,1,1,от 47 до 51
295,860009,0,2,1,1,от 55 до 58
296,860009,0,2,1,1,от 14 до 74
297,860009,0,3,1,1,от 4 до 6
298,860009,0,3,1,1,от 4 до 11
299,860009,0,3,1,1,от 3 до 12
300,860009,0,3,1,1,от 0 до 15
301,860009,0,3,1,1,от 0 до 16
302,860009,0,3,1,1,от 26 до 55
303,860009,0,4,1,1,от 0 до 1
304,860009,0,4,1,1,от 2 до 2
305,860009,0,4,1,1,от 3 до 8
306,860009,0,4,1,1,от 8 до 14
307,860009,0,4,1,1,от 15 до 22
308,860009,0,4,1,1,от 49 до 55
309,860009,0,5,1,1,от 4 до 19
310,860009,0,5,1,1,от 22 до 27
311,860009,0,6,1,1,от 6 до 9
312,860009,0,6,1,1,от 12 до 18
313,860009,0,9,1,1,от 0 до 5
314,860009,0,11,1,1,от 1 до 3
315,860009,0,11,1,1,от 3 до 4
316,860009,0,11,1,1,от 5 до 7
317,860009,0,14,1,1,от 0 до 0
318,860009,0,62,1,1,от 0 до 6
319,860009,0,107,1,1,от 2 до 2
320,860009,1,1,1,1,от 0 до 0
321,860009,1,1,1,1,от 2 до 2
322,860009,1,1,1,1,от 1 до 6
323,860009,1,1,1,1,от 10 до 27
324,860009,1,7,1,1,от 2 до 2
325,860009,1,10,1,4,от 0 до 0
326,860009,1,10,1,5,от 0 до 0
327,860009,1,31,1,1,от 0 до 0
328,860206,0,1,1,1,от 0 до 3
329,860206,0,1,1,1,от 6 до 9
330,860206,0,1,1,1,от 11 до 12
331,860206,0,1,1,1,от 9 до 14
332,860206,0,1,1,1,от 15 до 16
333,860206,0,1,1,1,от 0 до 19
334,860206,0,1,1,1,от 3 до 21
335,860206,0,1,1,1,от 4 до 27
336,860206,0,1,1,1,от 25 до 31
337,860206,0,1,1,1,от 24 до 36
338,860206,0,1,1,1,от 3 до 39
339,860206,0,2,1,1,от 10 до 15
340,860206,0,2,1,1,от 0 до 24
341,860206,0,2,1,1,от 31 до 42
342,860206,0,3,1,1,от 7 до 7
343,860206,0,4,1,1,от 0 до 0
344,860206,0,4,1,1,от 9 до 10
345,860206,0,5,1,1,от 6 до 6
346,860206,0,9,1,1,от 5 до 8
347,860206,0,10,1,1,от 3 до 9
348,860206,0,18,1,1,от 3 до 5
349,860206,0,67,1,1,от 1 до 2
350,860206,0,70,1,1,от 2 до 4
351,860206,0,71,1,1,от 1 до 1
352,860206,0,154,1,1,от 1 до 3
353,860206,1,1,1,1,от 2 до 3
354,860206,1,167,1,1,от 0 до 0
355,861302,0,1,1,1,от 1 до 3
356,861302,0,1,1,1,от 4 до 9
357,861302,0,1,1,1,от 9 до 11
358,861302,0,1,1,1,от 13 до 14
359,861302,0,1,1,1,от 28 до 28
360,861302,0,2,1,1,от 0 до 1
361,861302,0,3,1,1,от 4 до 4
362,861302,0,3,1,1,от 6 до 8
363,861302,0,4,1,1,от 1 до 1
364,861302,0,5,1,1,от 1 до 2
365,861302,0,14,1,1,от 0 до 0
366,862108,0,1,1,1,от 3 до 10
367,862108,0,2,1,1,от 5 до 5
368,862108,0,2,1,1,от 13 до 17
369,862108,0,5,1,1,от 0 до 1
370,862108,0,6,1,1,от 0 до 1
371,862108,0,7,1,1,от 2 до 2
372,862108,0,14,1,1,от 0 до 0
373,862108,0,16,1,1,от 7 до 13
374,862108,0,17,1,1,от 0 до 0
375,862201,0,1,1,1,от 0 до 3
376,862201,0,1,1,1,от 0 до 20
377,862201,0,1,1,1,от 60 до 75
378,862305,0,1,1,1,от 0 до 1
379,862305,0,1,1,1,от 4 до 7
380,862305,0,1,1,1,от 2 до 10
381,862305,0,1,1,1,от 7 до 16
382,862305,0,1,1,1,от 4 до 17
383,862305,0,1,1,1,от 4 до 27
384,862305,0,1,1,1,от 12 до 28
385,862305,0,1,1,1,от 2 до 29
386,862305,0,1,1,1,от 33 до 37
387,862305,0,1,1,1,от 18 до 45
388,862305,0,1,1,1,от 37 до 52
389,862305,0,1,1,1,от 18 до 55
390,862305,0,1,1,1,от 15 до 56
391,862305,0,1,1,1,от 1 до 61
392,862305,0,1,1,1,от 29 до 65
393,862305,0,1,1,1,от 22 до 77
394,862305,0,1,1,1,от 50 до 92
395,862305,0,1,1,1,от 107 до 107
396,862305,0,2,1,1,от 8 до 9
397,862305,0,2,1,1,от 11 до 11
398,862305,0,2,1,1,от 22 до 23
399,862305,0,2,1,1,от 17 до 41
400,862305,0,2,1,1,от 23 до 67
401,862305,0,2,1,1,от 19 до 82
402,862305,0,2,1,3,от 0 до 0
403,862305,0,3,1,1,от 0 до 7
404,862305,0,3,1,1,от 5 до 12
405,862305,0,3,1,1,от 14 до 25
406,862305,0,3,1,1,от 21 до 27
407,862305,0,3,1,1,от 34 до 47
408,862305,0,4,1,1,от 2 до 4
409,862305,0,4,1,1,от 21 до 22
410,862305,0,4,1,1,от 0 до 25
411,862305,0,5,1,1,от 1 до 3
412,862305,0,5,1,1,от 1 до 8
413,862305,0,6,1,1,от 0 до 0
414,862305,0,7,1,1,от 2 до 5
415,862305,0,7,1,1,от 4 до 6
416,862305,0,8,1,1,от 2 до 2
417,862305,0,15,1,1,от 1 до 6
418,862305,1,1,1,1,от 1 до 2
419,862409,0,1,1,1,от 1 до 1
420,862409,0,2,1,1,от 3 до 3
421,862409,0,2,1,1,от 0 до 4
422,862409,0,4,1,1,от 1 до 2
423,862409,0,13,1,1,от 1 до 3
424,862409,0,64,1,1,от 0 до 0
425,862409,0,70,1,1,от 0 до 1
426,862409,0,79,1,1,от 0 до 2
427,862502,0,2,1,1,от 0 до 0
428,862502,0,2,1,1,от 1 до 2
429,862502,0,5,1,1,от 0 до 1
430,862502,0,128,1,1,от 2 до 2
431,862502,1,4,1,1,от 0 до 0
432,862803,0,3,1,1,от 5 до 17
433,863007,0,1,1,1,от 3 до 5
434,863007,0,1,1,1,от 5 до 7
435,863007,0,1,1,1,от 5 до 9
436,863007,0,1,1,1,от 18 до 19
437,863007,0,1,1,1,от 14 до 20
438,863007,0,1,1,1,от 8 до 29
439,863007,0,1,1,1,от 5 до 31
440,863007,0,1,1,1,от 20 до 52
441,863007,0,1,1,1,от 15 до 53
442,863007,0,2,1,1,от 3 до 4
443,863007,0,2,1,1,от 0 до 6
444,863007,0,2,1,1,от 4 до 12
445,863007,0,2,1,1,от 4 до 13
446,863007,0,2,1,1,от 0 до 18
447,863007,0,3,1,1,от 1 до 2
448,863007,0,4,1,1,от 0 до 1
449,863007,0,4,1,1,от 3 до 3
450,863007,0,5,1,1,от 0 до 0
451,863007,0,66,1,1,от 0 до 1
452,863007,0,94,1,1,от 2 до 2
453,863100,0,1,1,1,от 10 до 10
454,863100,0,1,1,1,от 8 до 27
455,863100,0,2,1,1,от 14 до 18
456,863100,0,7,1,1,от 8 до 14
457,863204,0,3,1,1,от 2 до 15
458,863308,0,1,1,1,от 1 до 3
459,863308,0,1,1,15,от 0 до 0
460,863308,0,1,1,17,от 0 до 0
461,863308,0,2,1,5,от 0 до 0
462,863308,0,3,1,1,от 0 до 1
463,863308,0,3,1,1,от 5 до 5
464,863308,0,4,1,1,от 5 до 6
465,863308,0,6,1,1,от 7 до 7
466,863308,0,6,1,2,от 0 до 0
467,863308,0,7,1,17,от 0 до 0
468,863308,0,8,1,1,от 2 до 2
469,863308,0,8,1,1,от 0 до 4
470,863308,0,8,1,9,от 0 до 0
471,863308,0,9,1,16,от 0 до 0
472,863308,0,12,1,3,от 0 до 0
473,863308,0,13,1,13,от 0 до 0
474,863308,0,15,1,1,от 0 до 0
475,863308,0,18,1,11,от 0 до 0
476,863308,0,19,1,10,от 0 до 0
477,863308,0,21,1,5,от 0 до 0
478,863308,0,21,1,12,от 0 до 0
479,863308,0,22,1,14,от 0 до 0
480,863308,0,23,1,7,от 0 до 0
481,863308,0,24,1,4,от 0 до 0
482,863308,0,25,1,6,от 0 до 0
483,863308,0,34,1,15,от 0 до 0
484,863308,0,38,1,1,от 1 до 6
485,863308,0,60,1,8,от 0 до 0
486,863308,0,70,1,16,от 0 до 0
487,863308,0,96,1,3,от 0 до 0
488,863308,0,97,1,11,от 0 до 0
489,863308,0,135,1,14,от 0 до 0
490,863308,0,136,1,7,от 0 до 0
491,863308,0,187,1,10,от 0 до 0
492,863308,0,192,1,9,от 0 до 0
493,863308,0,226,1,6,от 0 до 0
494,863308,0,288,1,12,от 0 до 0
495,863308,0,318,1,4,от 0 до 0
496,863308,0,344,1,1,от 0 до 0
497,863308,0,445,1,13,от 0 до 0
498,863308,0,649,1,8,от 0 до 0
499,863702,1,19,1,1,от 1 до 1
500,863907,0,1,1,1,от 0 до 0
501,863907,0,1,1,1,от 4 до 5
502,863907,0,1,1,1,от 7 до 13
503,863907,0,1,1,1,от 16 до 16
504,863907,0,1,1,1,от 11 до 18
505,863907,0,1,1,1,от 17 до 19
506,863907,0,1,1,1,от 1 до 22
507,863907,0,1,1,1,от 23 до 23
508,863907,0,1,1,1,от 4 до 24
509,863907,0,1,1,1,от 21 до 28
510,863907,0,1,1,1,от 16 до 36
511,863907,0,1,1,1,от 36 до 37
512,863907,0,1,1,1,от 31 до 39
513,863907,0,1,1,1,от 21 до 45
514,863907,0,1,1,1,от 13 до 48
515,863907,0,1,1,1,от 7 до 50
516,863907,0,1,1,1,от 9 до 56
517,863907,0,1,1,1,от 56 до 58
518,863907,0,1,1,1,от 63 до 64
519,863907,0,1,1,1,от 7 до 67
520,863907,0,1,1,1,от 21 до 72
521,863907,0,1,1,1,от 48 до 87
522,863907,0,2,1,1,от 1 до 1
523,863907,0,2,1,1,от 5 до 11
524,863907,0,2,1,1,от 9 до 19
525,863907,0,2,1,1,от 25 до 31
526,863907,0,2,1,1,от 8 до 42
527,863907,0,2,1,1,от 19 до 44
528,863907,0,2,1,1,от 48 до 48
529,863907,0,3,1,1,от 3 до 3
530,863907,0,3,1,1,от 0 до 14
531,863907,0,3,1,1,от 10 до 15
532,863907,0,3,1,1,от 0 до 33
533,863907,0,4,1,1,от 8 до 9
534,863907,0,4,1,1,от 22 до 25
535,863907,0,4,1,1,от 29 до 29
536,863907,0,4,1,1,от 24 до 55
537,863907,0,5,1,1,от 2 до 2
538,863907,0,5,1,1,от 14 до 16
539,863907,0,5,1,1,от 10 до 24
540,863907,0,5,1,1,от 2 до 32
541,863907,0,6,1,1,от 3 до 26
542,863907,0,8,1,1,от 9 до 20
543,863907,0,13,1,1,от 2 до 4
544,863907,0,19,1,1,от 2 до 13
545,864103,0,1,1,1,от 1 до 4
546,864103,0,1,1,1,от 2 до 9
547,864103,0,1,1,1,от 17 до 20
548,864103,0,2,1,1,от 3 до 7
549,864103,0,2,1,1,от 2 до 13
550,864103,0,2,1,1,от 13 до 18
551,864103,0,4,1,1,от 4 до 5
552,864103,0,4,1,1,от 7 до 21
553,864103,0,6,1,1,от 8 до 8
554,864103,0,6,1,1,от 2 до 11
555,864103,0,6,1,1,от 13 до 14
556,864103,0,6,1,1,от 8 до 16
557,864103,0,8,1,1,от 1 до 6
558,864103,0,8,1,1,от 2 до 10
559,864103,0,9,1,1,от 2 до 2
560,864103,0,17,1,1,от 2 до 9
561,864103,0,25,1,1,от 3 до 7
562,864103,0,54,1,1,от 0 до 14
563,864103,0,64,1,1,от 0 до 5
564,864103,0,78,1,1,от 0 до 3
565,864103,1,5,1,1,от 0 до 0
566,864103,1,6,1,1,от 1 до 4
567,864103,1,68,1,1,от 0 до 0
568,864207,0,1,1,1,от 0 до 0
569,864207,0,1,1,1,от 0 до 4
570,864207,0,1,1,1,от 4 до 5
571,864207,0,1,1,1,от 9 до 9
572,864207,0,1,1,1,от 3 до 15
573,864207,0,1,1,1,от 1 до 18
574,864207,0,1,1,1,от 0 до 20
575,864207,0,1,1,1,от 6 до 22
576,864207,0,1,1,1,от 12 до 28
577,864207,0,1,1,1,от 29 до 32
578,864207,0,1,1,1,от 15 до 36
579,864207,0,1,1,1,от 25 до 41
580,864207,0,1,1,1,от 4 до 44
581,864207,0,1,1,1,от 16 до 67
582,864207,0,1,1,1,от 52 до 72
583,864207,0,1,1,1,от 40 до 87
584,864207,0,2,1,1,от 6 до 11
585,864207,0,2,1,1,от 12 до 23
586,864207,0,2,1,1,от 56 до 107
587,864207,0,2,1,1,от 21 до 108
588,864207,0,2,1,1,от 52 до 120
589,864207,0,3,1,1,от 5 до 6
590,864207,0,3,1,1,от 23 до 24
591,864207,0,3,1,1,от 8 до 29
592,864207,0,3,1,1,от 63 до 112
593,864207,0,4,1,1,от 5 до 15
594,864207,0,4,1,1,от 16 до 21
595,864207,0,5,1,1,от 13 до 14
596,864207,0,6,1,1,от 2 до 3
597,864207,0,6,1,1,от 11 до 17
598,864207,0,7,1,1,от 14 до 16
599,864207,0,8,1,1,от 2 до 13
600,,0,9,1,1,от 2 до 2
601,864207,0,10,1,1,от 7 до 12
602,864207,0,10,1,1,от 16 до 18
603,864207,0,13,1,1,от 10 до 11
604,864207,0,15,1,1,от 6 до 9
605,864207,0,29,1,1,от 8 до 10
606,864207,0,34,1,1,от 4 до 7
607,864207,0,53,1,1,от 1 до 8
608,864207,0,64,1,1,от 1 до 1
609,864207,0,100,1,1,от 2 до 6
610,864207,0,116,1,1,от 1 до 4
611,864207,0,127,1,1,от 4 до 5
612,864207,0,209,1,1,от 3 до 3
613,864207,0,479,1,1,от 0 до 2
614,864207,1,1,1,1,от 0 до 21
615,864207,1,1,1,3,от 0 до 0
616,864207,1,1,1,5,от 0 до 0
617,864207,1,2,1,4,от 0 до 0
618,864207,1,2,1,6,от 0 до 0
619,864207,1,3,1,2,от 0 до 0
620,864207,1,12,1,1,от 0 до 0
621,864207,1,20,1,1,от 1 до 1
622,864207,1,62,1,6,от 0 до 0
623,864207,1,65,1,2,от 0 до 0
624,864207,1,66,1,4,от 0 до 0
625,864207,1,67,1,5,от 0 до 0
626,864207,1,196,1,1,от 0 до 0
627,864207,1,262,1,1,от 1 до 1
628,864300,0,1,1,1,от 0 до 0
629,864300,0,1,1,1,от 7 до 7
630,864300,0,2,1,1,от 10 до 10
631,864300,0,3,1,1,от 0 до 3
632,864300,0,7,1,1,от 6 до 6
633,864300,0,41,1,1,от 0 до 2
634,864601,0,1,1,1,от 1 до 2
635,864601,0,24,1,1,от 1 до 2
636,864601,1,3,1,1,от 2 до 3
637,864601,1,5,1,1,от 3 до 3
638,864601,1,7,1,1,от 0 до 0
639,864902,0,1,1,1,от 0 до 0
640,864902,0,1,1,1,от 0 до 1
641,864902,0,1,1,1,от 8 до 8
642,864902,0,1,1,1,от 4 до 9
643,864902,0,1,1,1,от 2 до 11
644,864902,0,1,1,1,от 22 до 29
645,864902,0,1,1,1,от 26 до 40
646,864902,0,1,1,2,от 0 до 0
647,864902,0,2,1,1,от 2 до 6
648,864902,0,3,1,1,от 2 до 4
649,864902,0,3,1,1,от 4 до 10
650,864902,0,5,1,1,от 2 до 2
651,864902,0,6,1,1,от 2 до 5
652,864902,0,8,1,1,от 2 до 7
653,864902,0,11,1,1,от 0 до 3
654,864902,0,12,1,1,от 0 до 1
655,864902,0,44,1,1,от 0 до 0
656,864902,0,101,1,1,от 1 до 2
657,864902,1,1,1,8,от 0 до 0
658,864902,1,1,1,12,от 0 до 0
659,864902,1,2,1,10,от 0 до 0
660,865002,0,1,1,1,от 1 до 3
661,865002,0,6,1,2,от 0 до 0
662,865002,0,22,1,1,от 2 до 2
663,865002,0,49,1,1,от 0 до 0
664,865106,0,1,1,1,от 0 до 1
665,865106,0,4,1,1,от 0 до 0
666,865106,0,10,1,1,от 2 до 2
667,865106,1,1,1,1,от 0 до 0
668,865208,0,1,1,1,от 3 до 9
669,865208,0,1,1,1,от 6 до 12
670,865208,0,2,1,1,от 15 до 17
671,865208,0,3,1,1,от 1 до 2
672,865208,0,4,1,1,от 0 до 0
673,865208,0,6,1,1,от 0 до 1
674,865208,0,28,1,1,от 0 до 2
675,865208,0,86,1,1,от 0 до 0
676,865407,0,1,1,1,от 0 до 0
677,865407,0,1,1,1,от 1 до 5
678,865407,0,1,1,1,от 5 до 7
679,865407,0,1,1,1,от 8 до 10
680,865407,0,3,1,1,от 0 до 4
681,865407,0,3,1,1,от 6 до 9
682,865407,0,4,1,1,от 0 до 1
683,865407,0,7,1,1,от 2 до 2
684,865407,0,17,1,1,от 3 до 3
685,865407,0,27,1,4,от 0 до 0
686,865407,0,50,1,1,от 0 до 1
687,865407,0,53,1,8,от 0 до 0
688,865407,0,89,1,1,от 0 до 2
689,865407,1,56,1,1,от 1 до 2
690,865407,1,76,1,1,от 1 до 1
691,865407,1,128,1,1,от 0 до 0
692,865708,0,1,1,1,от 0 до 0
693,865801,0,1,1,1,от 3 до 3
694,865801,0,1,1,1,от 0 до 8
695,865801,0,2,1,1,от 0 до 9
696,865801,0,12,1,1,от 1 до 5
697,865801,0,14,1,1,от 0 до 4
698,865801,0,82,1,1,от 2 до 2
699,866403,0,1,1,1,от 0 до 4
700,866403,0,2,1,1,от 5 до 8
701,866403,0,28,1,1,от 1 до 2
702,866403,0,60,1,1,от 2 до 3
703,866403,0,100,1,1,от 0 до 0
704,866403,1,10,1,1,от 0 до 0
705,870000,0,1,1,1,от 3 до 4
706,870000,0,1,1,1,от 2 до 6
707,870000,0,3,1,1,от 1 до 1
708,870000,1,1,1,9,от 0 до 0
709,870000,1,1,1,15,от 0 до 0
710,870104,0,1,1,1,от 1 до 5
711,870104,0,1,1,1,от 1 до 9
712,870104,0,1,1,1,от 4 до 11
713,870104,0,1,1,1,от 13 до 15
714,870104,0,1,1,1,от 2 до 27
715,870104,0,1,1,1,от 28 до 29
716,870104,0,1,1,1,от 26 до 30
717,870104,0,2,1,1,от 4 до 5
718,870104,0,2,1,1,от 9 до 10
719,870104,0,2,1,1,от 2 до 12
720,870104,0,2,1,1,от 11 до 17
721,870104,0,3,1,1,от 5 до 6
722,870104,0,3,1,1,от 14 до 20
723,870104,0,4,1,1,от 0 до 2
724,870104,0,4,1,1,от 9 до 21
725,870104,0,6,1,1,от 0 до 0
726,870104,0,7,1,1,от 13 до 13
727,870104,0,7,1,1,от 12 до 18
728,870104,0,10,1,1,от 8 до 14
729,870104,0,13,1,1,от 4 до 4
730,870104,0,47,1,1,от 0 до 2
731,870104,1,1,1,1,от 0 до 0
732,870104,1,1,1,1,от 1 до 1
733,870104,1,38,1,1,от 1 до 2
734,870104,1,39,1,1,от 1 до 1
735,870104,1,42,1,1,от 0 до 0
736,870405,0,1,1,1,от 0 до 2
737,870405,0,1,1,1,от 3 до 4
738,870405,0,1,1,1,от 2 до 6
739,870405,0,5,1,1,от 0 до 3
740,870405,1,1,1,6,от 0 до 0
741,870405,1,6,1,1,от 0 до 0
742,871107,0,1,1,1,от 0 до 5
743,871107,0,1,1,1,от 3 до 7
744,871107,0,1,1,1,от 9 до 11
745,871107,0,2,1,1,от 7 до 8
746,871107,0,3,1,1,от 0 до 6
747,871107,0,45,1,1,от 0 до 2
748,871107,1,2,1,1,от 1 до 1
749,871107,1,2,1,1,от 1 до 2
750,871200,0,1,1,1,от 0 до 3
751,871200,1,1,1,4,от 0 до 0
752,871200,1,3,1,1,от 0 до 0
753,871200,1,8,1,1,от 2 до 2
754,871200,1,42,1,1,от 0 до 0
755,871304,0,1,1,1,от 0 до 2
756,871304,0,1,1,1,от 0 до 5
757,871304,0,1,1,1,от 2 до 7
758,871304,0,4,1,1,от 2 до 2
759,871304,0,4,1,1,от 1 до 4
760,871304,1,1,1,1,от 0 до 1
761,871304,1,3,1,1,от 0 до 0
762,871304,1,4,1,1,от 1 до 2
763,871304,1,7,1,4,от 0 до 0
764,871408,0,1,1,1,от 0 до 0
765,871408,0,1,1,1,от 0 до 2
766,871408,0,1,1,1,от 3 до 3
767,871408,1,2,1,1,от 0 до 0
768,871408,1,2,1,1,от 2 до 6
769,871709,0,1,1,1,от 0 до 0
770,871709,0,1,1,1,от 1 до 5
771,871709,0,7,1,1,от 2 до 2
772,871802,1,20,1,1,от 0 до 2
773,871802,1,51,1,1,от 0 до 0
774,871906,0,1,1,1,от 0 до 4
775,871906,0,1,1,1,от 3 до 9
776,871906,0,1,1,1,от 11 до 12
777,871906,0,2,1,1,от 2 до 5
778,871906,0,2,1,1,от 7 до 8
779,871906,0,3,1,1,от 6 до 6
780,871906,0,9,1,1,от 0 до 1
781,871906,0,20,1,1,от 2 до 4
782,871906,0,34,1,1,от 0 до 2
783,871906,0,34,1,1,от 3 до 3
784,871906,1,1,1,1,от 0 до 0
785,871906,1,11,1,1,от 0 до 2
786,871906,1,42,1,1,от 0 до 0
787,872504,0,1,1,1,от 1 до 6
788,872504,0,1,1,1,от 0 до 12
789,872504,0,1,1,1,от 5 до 14
790,872504,0,1,1,1,от 14 до 17
791,872504,0,1,1,1,от 10 до 19
792,872504,0,1,1,1,от 1 до 24
793,872504,0,1,1,1,от 5 до 29
794,872504,0,1,1,1,от 29 до 34
795,872504,0,1,1,1,от 23 до 36
796,872504,0,1,1,1,от 5 до 37
797,872504,0,1,1,1,от 22 до 38
798,872504,0,1,1,1,от 26 до 41
799,872504,0,1,1,1,от 48 до 50
800,872504,0,1,1,1,от 43 до 54
801,872504,0,1,1,1,от 12 до 58
802,872504,0,1,1,1,от 59 до 61
803,872504,0,1,1,1,от 50 до 62
804,872504,0,1,1,1,от 48 до 66
805,872504,0,1,1,1,от 53 до 70
806,872504,0,1,1,1,от 9 до 76
807,872504,0,1,1,1,от 80 до 81
808,872504,0,1,1,1,от 58 до 102
809,872504,0,1,1,2,от 0 до 0
810,872504,0,1,1,3,от 0 до 0
811,872504,0,1,1,13,от 0 до 0
812,872504,0,2,1,1,от 0 до 0
813,872504,0,2,1,1,от 0 до 7
814,872504,0,2,1,1,от 14 до 28
815,872504,0,2,1,1,от 9 до 70
816,872504,0,2,1,12,от 0 до 0
817,872504,0,3,1,1,от 1 до 2
818,872504,0,3,1,1,от 7 до 30
819,872504,0,3,1,7,от 0 до 0
820,872504,0,4,1,1,от 0 до 9
821,872504,0,4,1,1,от 3 до 11
822,872504,0,4,1,1,от 7 до 35
823,872504,0,5,1,1,от 35 до 39
824,872504,0,6,1,1,от 0 до 3
825,872504,0,6,1,1,от 7 до 10
826,872504,0,6,1,11,от 0 до 0
827,872504,0,7,1,1,от 0 до 5
828,872504,0,11,1,1,от 0 до 4
829,872504,0,11,1,10,от 0 до 0
830,872504,0,15,1,5,от 0 до 0
831,872504,0,24,1,2,от 0 до 0
832,872504,0,47,1,1,от 0 до 1
833,872504,0,49,1,3,от 0 до 0
834,872504,0,56,1,8,от 0 до 0
835,872504,0,74,1,1,от 2 до 2
836,872504,0,99,1,1,от 0 до 0
837,872504,0,116,1,10,от 0 до 0
838,872504,0,131,1,12,от 0 до 0
839,872504,1,1,1,1,от 6 до 6
840,872504,1,1,1,7,от 0 до 0
841,872608,0,1,1,1,от 16 до 16
842,872608,0,2,1,1,от 1 до 2
843,872608,0,2,1,1,от 1 до 4
844,872608,0,2,1,1,от 0 до 11
845,872608,0,3,1,1,от 1 до 1
846,872701,0,1,1,1,от 0 до 0
847,872701,0,1,1,1,от 2 до 5
848,872701,0,1,1,1,от 6 до 15
849,872701,0,2,1,1,от 0 до 0
850,872701,0,2,1,1,от 0 до 6
851,872701,0,3,1,1,от 1 до 9
852,872701,0,4,1,1,от 0 до 2
853,872701,0,11,1,1,от 2 до 2
854,873308,0,1,1,1,от 3 до 5
855,873308,0,1,1,1,от 9 до 14
856,873308,0,1,1,1,от 14 до 17
857,873308,0,1,1,1,от 4 до 57
858,873308,0,1,1,1,от 51 до 59
859,873308,0,1,1,1,от 29 до 70
860,873308,0,1,1,1,от 61 до 73
861,873308,0,2,1,1,от 4 до 7
862,873308,1,1,1,1,от 1 до 1
863,873808,0,1,1,1,от 1 до 3
864,873901,0,1,1,1,от 2 до 5
865,873901,0,2,1,1,от 0 до 3
866,874001,0,2,1,1,от 3 до 5
867,874302,0,1,1,1,от 13 до 15
868,874302,0,2,1,1,от 0 до 1
869,874302,0,2,1,1,от 3 до 3
870,874302,0,7,1,1,от 0 до 2
871,874302,1,1,1,1,от 0 до 3
872,874302,1,6,1,1,от 0 до 0
873,875108,0,2,1,1,от 2 до 3
874,875803,0,1,1,1,от 7 до 16
875,875803,0,7,1,2,от 0 до 0
876,875803,0,9,1,1,от 0 до 0
877,875803,0,10,1,1,от 0 до 2
878,875907,0,1,1,1,от 0 до 3
879,902201,0,1,1,1,от 2 до 6
880,902201,0,1,1,1,от 2 до 10
881,902201,0,2,1,1,от 0 до 0
882,902305,1,1,1,1,от 0 до 0
883,910602,1,2,1,15,от 0 до 0
884,911408,1,7,1,6,от 0 до 0
885,911501,1,2,1,1,от 0 до 0
886,913206,1,1,1,1,от 0 до 2
887,913206,1,1,1,1,от 2 до 7
888,913206,1,1,1,1,от 11 до 12
889,913206,1,1,1,1,от 8 до 15
890,913206,1,1,1,1,от 12 до 16
891,913206,1,2,1,1,от 2 до 4
892,913206,1,2,1,1,от 17 до 18
893,917103,0,2,1,1,от 4 до 8
894,917103,1,1,1,1,от 1 до 2
895,920002,0,1,1,1,от 1 до 2
896,920002,0,1,1,1,от 4 до 4
897,920002,0,1,1,1,от 5 до 5
898,920002,0,1,1,1,от 15 до 15
899,920002,0,1,1,1,от 5 до 19
900,920002,0,1,1,2,от 0 до 0
901,920002,0,2,1,1,от 1 до 2
902,920106,0,1,1,1,от 1 до 9
903,920708,0,1,1,1,от 2 до 2
904,920708,0,1,1,1,от 3 до 5
905,920708,0,1,1,1,от 0 до 8
906,920708,0,1,1,1,от 2 до 12
907,920708,0,2,1,1,от 1 до 3
908,920708,0,2,1,7,от 0 до 0
909,921202,0,1,1,1,от 0 до 0
910,921202,0,1,1,1,от 0 до 1
911,921202,0,1,1,1,от 2 до 9
912,921202,0,1,1,1,от 9 до 10
913,921202,0,1,1,1,от 0 до 14
914,921202,0,1,1,1,от 1 до 21
915,921202,0,1,1,1,от 1 до 23
916,921202,0,1,1,5,от 0 до 0
917,921202,0,1,1,10,от 0 до 0
918,921202,0,1,1,13,от 0 до 0
919,921202,0,1,1,15,от 0 до 0
920,921202,0,2,1,1,от 4 до 12
921,921202,0,2,1,1,от 15 до 16
922,921202,0,2,1,1,от 1 до 17
923,921202,0,2,1,1,от 0 до 18
924,921202,0,2,1,2,от 0 до 0
925,921202,0,2,1,11,от 0 до 0
926,921202,0,2,1,12,от 0 до 0
927,921202,0,3,1,1,от 1 до 13
928,921202,0,3,1,1,от 3 до 14
929,921202,0,3,1,6,от 0 до 0
930,921202,0,3,1,9,от 0 до 0
931,921202,0,4,1,1,от 15 до 20
932,921202,0,5,1,1,от 1 до 12
933,921202,0,5,1,3,от 0 до 0
934,921202,0,5,1,16,от 0 до 0
935,921202,0,6,1,7,от 0 до 0
936,921202,0,6,1,11,от 0 до 0
937,921202,0,7,1,2,от 0 до 0
938,921202,0,8,1,1,от 7 до 7
939,921202,0,8,1,1,от 8 до 9
940,921202,0,8,1,13,от 0 до 0
941,921202,,10,1,1,от 0 до 1
942,921202,0,10,1,15,от 0 до 0
943,921202,0,12,1,14,от 0 до 0
944,921202,0,14,1,1,от 1 до 5
945,921202,0,15,1,1,от 0 до 3
946,921202,,26,1,1,от 1 до 2
947,921202,0,27,1,1,от 0 до 0
948,921202,0,27,1,1,от 6 до 6
949,921202,0,32,1,1,от 2 до 4
950,922703,0,1,1,1,от 0 до 1
951,922703,0,1,1,1,от 2 до 2
952,922703,0,1,1,1,от 0 до 11
953,922703,0,1,1,5,от 0 до 0
954,922703,0,1,1,9,от 0 до 0
955,922703,0,3,1,1,от 1 до 6
956,922703,0,4,1,1,от 1 до 4
957,922703,0,6,1,10,от 0 до 0
958,922703,0,7,1,1,от 2 до 2
959,922807,0,1,1,1,от 3 до 4
960,922807,0,2,1,1,от 2 до 3
961,922807,0,2,1,1,от 9 до 10
962,922807,0,5,1,1,от 0 до 6
963,923000,1,1,1,1,от 0 до 0
964,923104,0,1,1,1,от 0 до 0
965,923104,0,2,1,1,от 0 до 0
966,923104,0,2,1,1,от 0 до 2
967,923104,0,2,1,1,от 3 до 7
968,923104,0,2,1,1,от 4 до 11
969,923104,0,5,1,10,от 0 до 0
970,923104,0,7,1,3,от 0 до 0
971,923706,0,1,1,1,от 3 до 3
972,923800,0,1,1,1,от 1 до 1
973,923800,0,1,1,1,от 2 до 2
974,923800,0,1,1,1,от 2 до 9
975,923800,0,1,1,1,от 12 до 13
976,923800,0,1,1,5,от 0 до 0
977,923800,0,2,1,1,от 3 до 7
978,923800,0,3,1,1,от 0 до 0
979,923800,0,3,1,8,от 0 до 0
980,923903,0,1,1,1,от 0 до 0
981,923903,0,1,1,9,от 0 до 0
982,923903,0,2,1,1,от 1 до 3
983,923903,0,2,1,5,от 0 до 0
984,923903,0,6,1,1,от 0 до 2
985,924408,0,1,1,1,от 2 до 2
986,924408,0,3,1,1,от 2 до 4
987,924501,0,1,1,1,от 0 до 3
988,924501,0,1,1,1,от 5 до 11
989,924501,0,1,1,1,от 12 до 12
990,924501,0,1,1,1,от 8 до 14
991,924501,0,1,1,1,от 18 до 23
992,924501,0,2,1,1,от 2 до 7
993,924501,0,2,1,1,от 3 до 8
994,924501,0,9,1,1,от 0 до 2
995,924501,0,9,1,1,от 4 до 5
996,924501,1,1,1,1,от 0 до 0
997,924501,1,1,1,1,от 4 до 5
998,,1,1,1,4,от 0 до 0
999,924501,1,1,1,6,от 0 до 0
1000,924501,1,1,1,14,от 0 до 0
1001,924501,1,2,1,5,от 0 до 0
1002,924501,1,3,1,3,от 0 до 0
1003,924501,1,3,1,6,от 0 до 0
1004,924501,1,3,1,11,от 0 до 0
1005,924501,1,4,1,7,от 0 до 0
1006,924501,1,4,1,8,от 0 до 0
1007,924501,1,5,1,2,от 0 до 0
1008,924501,1,10,1,9,от 0 до 0
1009,924501,1,22,1,14,от 0 до 0
1010,924501,1,48,1,1,от 0 до 0
1011,924605,0,1,1,1,от 1 до 1
1012,924605,0,1,1,1,от 0 до 7
1013,924605,0,1,1,1,от 8 до 9
1014,924605,0,1,1,1,от 3 до 10
1015,924605,0,1,1,1,от 13 до 16
1016,924605,0,1,1,1,от 13 до 17
1017,924605,0,1,1,1,от 10 до 18
1018,924605,0,1,1,2,от 0 до 0
1019,924605,0,1,1,8,от 0 до 0
1020,924605,0,2,1,1,от 2 до 8
1021,924605,0,2,1,7,от 0 до 0
1022,924605,0,3,1,1,от 0 до 12
1023,924605,0,3,1,1,от 6 до 15
1024,924605,0,5,1,1,от 0 до 0
1025,924906,0,1,1,1,от 1 до 2
1026,924906,0,1,1,1,от 0 до 9
1027,924906,0,1,1,2,от 0 до 0
1028,924906,0,1,1,7,от 0 до 0
1029,924906,0,2,1,1,от 1 до 1
1030,924906,0,2,1,1,от 1 до 3
1031,924906,0,2,1,1,от 0 до 7
1032,924906,0,2,1,1,от 9 до 10
1033,924906,0,3,1,2,от 0 до 0
1034,924906,0,4,1,1,от 1 до 2
1035,924906,0,108,1,1,от 4 до 5
1036,924906,0,8,1,1,от 0 до 0
1037,924906,0,9,1,1,от 0 до 3
1038,924906,0,9,1,1,от 6 до 6
1039,925006,0,1,1,1,от 2 до 2
1040,925006,0,1,1,1,от 3 до 5
1041,925006,0,1,1,2,от 0 до 0
1042,925006,0,1,1,7,от 0 до 0
1043,925006,0,2,1,1,от 3 до 4
1044,925006,0,3,1,1,от 1 до 1
1045,925006,0,4,1,1,от 0 до 0
1046,925006,1,1,1,4,от 0 до 0
1047,925100,0,1,1,1,от 1 до 2
1048,925100,0,3,1,1,от 2 до 2
1049,925400,0,1,1,1,от 1 до 1
1050,925400,0,1,1,1,от 2 до 4
1051,925400,0,1,1,1,от 7 до 7
1052,925400,0,1,1,1,от 8 до 21
1053,925400,0,3,1,1,от 3 до 7
1054,926102,0,1,1,1,от 0 до 0
1055,926102,0,1,1,1,от 2 до 2
1056,926102,0,1,1,1,от 0 до 4
1057,926102,0,1,1,1,от 2 до 6
1058,926102,0,1,1,1,от 8 до 9
1059,926102,0,1,1,1,от 13 до 19
1060,926102,0,2,1,1,от 1 до 3
1061,926102,0,2,1,1,от 8 до 8
1062,926102,0,2,1,1,от 7 до 11
1063,926102,0,4,1,1,от 2 до 6
1064,926102,0,6,1,1,от 1 до 2
1065,926206,0,2,1,1,от 4 до 5
1066,926403,0,1,1,1,от 0 до 3
1067,926403,0,1,1,1,от 2 до 9
1068,926403,0,1,1,1,от 21 до 22
1069,926403,1,1,1,1,от 0 до 0
1070,926403,1,1,1,1,от 2 до 2
1071,926403,1,1,1,9,от 0 до 0
1072,926901,0,2,1,1,от 4 до 4
1073,927001,0,1,1,1,от 2 до 5
1074,927001,0,2,1,1,от 4 до 5
1075,927105,0,4,1,1,от 1 до 2
1076,927105,1,1,1,1,от 0 до 0
1077,927105,1,1,1,9,от 0 до 0
1078,927105,1,2,1,1,от 3 до 4
1079,927105,1,3,1,4,от 0 до 0
1080,927105,1,4,1,7,от 0 до 0
1081,927105,1,4,1,8,от 0 до 0
1082,927105,1,5,1,9,от 0 до 0
1083,927105,1,7,1,1,от 0 до 1
1084,927105,1,8,1,5,от 0 до 0
1085,927105,1,11,1,1,от 2 до 2
1086,927800,0,1,1,1,от 2 до 2
1087,927800,0,1,1,9,от 0 до 0
1088,927800,0,2,1,1,от 0 до 3
1089,927800,0,2,1,1,от 2 до 4
1090,927800,0,2,1,3,от 0 до 0
1091,927800,0,2,1,8,от 0 до 0
1092,927800,0,3,1,1,от 0 до 6
1093,927800,0,6,1,7,от 0 до 0
1094,927800,1,1,1,7,от 0 до 0
1095,930004,0,1,1,1,от 1 до 1
1096,930004,0,1,1,1,от 2 до 2
1097,930004,0,1,1,1,от 4 до 9
1098,930004,0,1,1,2,от 0 до 0
1099,930004,0,3,1,1,от 0 до 4
1100,930004,1,1,1,5,от 0 до 0
1101,930004,1,1,1,7,от 0 до 0
1102,930108,0,1,1,1,от 3 до 3
1103,930108,0,1,1,1,от 4 до 5
1104,930108,0,1,1,1,от 9 до 21
1105,930108,1,3,1,1,от 0 до 0
1106,930305,0,1,1,8,от 0 до 0
1107,930305,0,1,1,9,от 0 до 0
1108,930305,0,4,1,2,от 0 до 0
1109,930305,0,5,1,5,от 0 до 0
1110,930305,0,5,1,6,от 0 до 0
1111,930305,0,6,1,1,от 6 до 8
1112,930305,0,7,1,1,от 1 до 1
1113,930305,0,7,1,1,от 7 до 7
1114,930305,0,8,1,10,от 0 до 0
1115,930305,0,9,1,1,от 1 до 3
1116,930305,0,11,1,3,от 0 до 0
1117,930305,0,13,1,1,от 0 до 6
1118,930305,0,20,1,1,от 1 до 2
1119,930305,0,42,1,1,от 0 до 0
1120,931702,0,7,1,1,от 0 до 2
1121,932601,0,1,1,1,от 3 до 12
1122,932601,1,1,1,1,от 3 до 3
1123,932601,1,1,1,3,от 0 до 0
1124,932601,1,2,1,4,от 0 до 0
1125,932601,1,2,1,8,от 0 до 0
1126,932601,1,3,1,13,от 0 до 0
1127,932601,1,4,1,2,от 0 до 0
1128,932601,1,5,1,1,от 1 до 1
1129,932601,1,5,1,5,от 0 до 0
1130,932705,0,2,1,1,от 0 до 0
1131,932705,1,1,1,6,от 0 до 0
1132,932705,1,1,1,7,от 0 до 0
1133,932705,1,1,1,9,от 0 до 0
1134,932809,0,1,1,1,от 1 до 7
1135,932809,0,1,1,1,от 8 до 8
1136,932809,0,3,1,1,от 0 до 0
1137,932809,0,4,1,1,от 2 до 3
1138,932902,0,1,1,1,от 0 до 4
1139,932902,0,1,1,1,от 11 до 11
1140,932902,0,1,1,1,от 1 до 15
1141,932902,0,2,1,1,от 6 до 21
1142,932902,0,3,1,1,от 3 до 5
1143,932902,0,4,1,1,от 1 до 2
1144,932902,0,4,1,1,от 1 до 3
1145,932902,0,4,1,1,от 1 до 7
1146,932902,0,7,1,1,от 5 до 9
1147,932902,1,1,1,1,от 0 до 0
1148,932902,1,2,1,3,от 0 до 0
1149,932902,1,4,1,1,от 0 до 1
1150,932902,1,4,1,7,от 0 до 0
1151,932902,1,4,1,8,от 0 до 0
1152,932902,1,8,1,9,от 0 до 0
1153,935506,0,1,1,1,от 7 до 10
1154,935506,0,1,1,1,от 13 до 24
1155,935506,0,1,1,2,от 0 до 0
1156,935506,0,2,1,1,от 4 до 4
1157,935506,1,1,1,1,от 0 до 0
1158,935506,1,1,1,1,от 0 до 1
1159,935506,1,1,1,8,от 0 до 0
1160,935506,1,1,1,10,от 0 до 0
1161,935703,0,1,1,1,от 0 до 0
1162,935703,0,1,1,1,от 2 до 2
1163,935703,0,1,1,1,от 2 до 5
1164,935703,0,1,1,1,от 6 до 6
1165,935703,0,1,1,1,от 0 до 10
1166,935703,0,1,1,1,от 1 до 13
1167,935703,0,1,1,1,от 11 до 23
1168,935703,0,1,1,1,от 8 до 24
1169,935703,0,1,1,1,от 8 до 38
1170,935703,0,1,1,3,от 0 до 0
1171,935703,0,2,1,1,от 5 до 7
1172,935703,0,2,1,1,от 0 до 11
1173,935703,0,2,1,8,от 0 до 0
1174,935703,0,3,1,1,от 2 до 2
1175,935703,0,3,1,1,от 2 до 5
1176,935703,0,3,1,1,от 14 до 14
1177,935703,0,4,1,1,от 3 до 3
1178,935703,0,6,1,1,от 7 до 15
1179,935703,0,7,1,3,от 0 до 0
1180,935703,0,8,1,1,от 3 до 4
1181,935703,0,15,1,1,от 0 до 0
1182,935703,1,1,1,1,от 0 до 0
1183,935703,1,2,1,6,от 0 до 0
1184,935807,1,1,1,6,от 0 до 0
1185,937107,1,1,1,2,от 0 до 0
1186,937304,1,3,1,1,от 0 до 0
1187,937605,1,1,1,1,от 0 до 2
1188,937709,1,3,1,6,от 0 до 0
1189,937906,0,1,1,1,от 10 до 14
1190,937906,0,1,1,1,от 7 до 18
1191,937906,0,1,1,1,от 6 до 19
1192,937906,0,1,1,1,от 5 до 22
1193,937906,0,1,1,1,от 9 до 24
1194,937906,0,2,1,1,от 0 до 12
1195,937906,0,2,1,1,от 15 до 15
1196,937906,0,2,1,1,от 16 до 16
1197,937906,0,3,1,1,от 8 до 11
1198,937906,0,4,1,1,от 6 до 21
1199,937906,0,4,1,2,от 0 до 0
1200,960007,1,10,1,1,от 0 до 0
1201,960103,0,1,1,1,от 1 до 1
1202,960103,0,1,1,1,от 4 до 7
1203,960103,0,1,1,1,от 3 до 9
1204,960103,0,1,1,1,от 1 до 12
1205,960103,0,1,1,1,от 8 до 13
1206,960103,0,1,1,1,от 10 до 14
1207,960103,0,1,1,1,от 6 до 16
1208,960103,0,2,1,1,от 3 до 10
1209,960103,0,3,1,1,от 2 до 5
1210,960103,0,3,1,1,от 6 до 6
1211,960103,0,3,1,1,от 7 до 8
1212,960103,0,3,1,1,от 5 до 9
1213,960103,0,7,1,1,от 1 до 2
1214,960103,0,7,1,1,от 4 до 4
1215,960103,0,11,1,1,от 0 до 3
1216,960103,1,1,1,3,от 0 до 0
1217,960103,1,1,1,6,от 0 до 0
1218,960103,1,1,1,7,от 0 до 0
1219,960103,1,1,1,8,от 0 до 0
1220,960103,1,2,1,4,от 0 до 0
1221,960103,1,4,1,1,от 1 до 1
1222,960103,1,5,1,1,от 1 до 2
1223,960103,1,9,1,2,от 0 до 0
1224,960103,1,13,1,1,от 0 до 0
1225,961407,0,1,1,1,от 1 до 4
1226,961407,0,2,1,1,от 0 до 0
1227,962109,1,1,1,1,от 0 до 0
1228,962804,1,1,1,1,от 1 до 1
1229,962804,1,1,1,9,от 0 до 0
1230,963008,1,6,1,8,от 0 до 0
1231,965107,1,1,1,3,от 0 до 0
1232,965107,1,5,1,1,от 0 до 0
1233,965107,1,7,1,6,от 0 до 0
1234,965107,1,8,1,8,от 0 до 0
1235,965107,1,8,1,10,от 0 до 0
1236,965107,1,10,1,1,от 0 до 7
1237,966701,1,1,1,1,от 0 до 5
1238,966805,1,1,1,1,от 10 до 13
1239,967600,0,3,1,1,от 2 до 2
1240,967600,0,3,1,1,от 3 до 4
1241,967600,0,8,1,1,от 1 до 1
1242,967600,0,23,1,1,от 2 до 2
1243,967808,1,1,1,3,от 0 до 0
1244,967808,1,1,1,9,от 0 до 0
1245,967808,1,1,1,12,от 0 до 0
1246,967808,1,2,1,12,от 0 до 0
1247,967808,1,4,1,14,от 0 до 0
1248,967808,1,8,1,4,от 0 до 0
1249,967808,1,9,1,9,от 0 до 0
1250,967808,1,17,1,7,от 0 до 0
1251,967808,1,18,1,11,от 0 до 0
1252,967808,1,21,1,3,от 0 до 0
1253,967808,1,22,1,5,от 0 до 0
1254,967808,1,23,1,1,от 0 до 0
1255,967808,1,55,1,10,от 0 до 0
1256,967808,1,61,1,8,от 0 до 0
1257,967808,1,109,1,6,от 0 до 0
1258,967808,1,142,1,1,от 0 до 0
1259,967808,1,172,1,5,от 0 до 0
1260,968209,1,6,1,8,от 0 до 0
1261,968209,1,9,1,6,от 0 до 0
1262,968302,1,4,1,6,от 0 до 0
1263,968302,1,6,1,5,от 0 до 0
1264,968707,1,1,1,8,от 0 до 0
1265,968707,1,1,1,17,от 0 до 0
1266,968707,1,2,1,8,от 0 до 0
1267,970001,0,1,1,1,от 7 до 24
1268,970001,0,1,1,1,от 2 до 25
1269,970001,0,1,1,1,от 12 до 26
1270,970001,0,1,1,1,от 20 до 32
1271,970001,0,2,1,1,от 0 до 3
1272,970001,0,2,1,1,от 13 до 24
1273,970001,0,4,1,1,от 0 до 0
1274,970001,1,1,1,1,от 0 до 0
1275,970001,1,1,1,8,от 0 до 0
1276,970001,1,1,1,13,от 0 до 0
1277,970001,1,1,1,15,от 0 до 0
1278,970001,1,1,1,18,от 0 до 0
1279,970001,1,1,1,21,от 0 до 0
1280,970001,1,2,1,4,от 0 до 0
1281,970001,1,2,1,9,от 0 до 0
1282,970001,1,2,1,20,от 0 до 0
1283,970302,0,2,1,1,от 0 до 3
1284,970406,1,1,1,8,от 0 до 0
1285,971108,1,2,1,1,от 0 до 0
1286,971108,1,2,1,5,от 0 до 0
1287,971108,1,2,1,16,от 0 до 0
1288,971108,1,2,1,18,от 0 до 0
1289,971201,0,1,1,1,от 6 до 6
1290,971201,0,2,1,1,от 4 до 4
1291,971201,1,1,1,7,от 0 до 0
1292,971201,1,1,1,9,от 0 до 0
1293,971201,1,5,1,10,от 0 до 0
1294,971907,0,1,1,1,от 0 до 0
1295,971907,0,2,1,1,от 6 до 21
1296,972204,1,2,1,1,от 0 до 0
1297,972505,0,1,1,1,от 19 до 24
1298,974303,0,1,1,1,от 0 до 0
1299,974303,0,1,1,1,от 1 до 1
1300,974303,1,1,1,10,от 0 до 0
1301,974303,1,1,1,13,от 0 до 0
1302,974303,1,54,1,5,от 0 до 0
1303,974407,0,2,1,1,от 1 до 1
1304,974407,0,2,1,1,от 2 до 4
1305,974407,0,6,1,1,от 3 до 5
1306,974407,0,11,1,1,от 0 до 0
1307,974407,0,15,1,1,от 0 до 2
1308,974801,1,1,1,7,от 0 до 0
1309,976600,1,16,1,11,от 0 до 0
1310,977000,0,1,1,1,от 4 до 8
1311,977000,0,2,1,1,от 0 до 0
1312,977000,0,25,1,1,от 0 до 0
1313,980605,1,1,1,11,от 0 до 0
1314,980605,1,1,1,12,от 0 до 0
1315,980605,1,1,1,19,от 0 до 0
1316,980605,1,2,1,16,от 0 до 0
1317,980802,0,1,1,1,от 3 до 8
1318,980802,0,5,1,1,от 0 до 2
1319,980802,1,1,1,8,от 0 до 0
1320,980906,1,2,1,13,от 0 до 0
1321,980906,1,3,1,1,от 0 до 0
1322,980906,1,16,1,14,от 0 до 0
1323,981307,0,1,1,1,от 3 до 3
1324,981307,1,1,1,1,от 0 до 1
1325,981307,1,1,1,13,от 0 до 0
1326,981307,1,1,1,18,от 0 до 0
1327,981805,1,1,1,16,от 0 до 0
1328,982102,1,1,1,7,от 0 до 0
1329,982102,1,1,1,15,от 0 до 0
1330,982102,1,2,1,2,от 0 до 0
1331,982206,0,1,1,1,от 0 до 2
1332,982206,0,1,1,1,от 12 до 15
1333,982206,0,7,1,1,от 0 до 0
1334,982206,0,28,1,1,от 1 до 2
1335,982206,1,1,1,1,от 0 до 2
1336,982206,1,1,1,1,от 2 до 4
1337,982403,0,1,1,1,от 0 до 4
1338,982403,0,2,1,1,от 0 до 1
1339,982403,1,1,1,1,от 0 до 0
1340,982403,1,1,1,1,от 1 до 1
1341,982403,1,1,1,5,от 0 до 0
1342,984502,0,1,1,1,от 7 до 11
1343,984502,0,1,1,1,от 5 до 15
1344,984502,0,1,1,1,от 36 до 52
1345,984502,0,1,1,1,от 13 до 55
1346,984502,0,2,1,1,от 2 до 25
1347,984502,0,4,1,1,от 3 до 4
1348,984502,0,5,1,1,от 0 до 3
1349,984502,0,5,1,1,от 0 до 5
1350,984502,0,6,1,1,от 1 до 6
1351,984502,0,6,1,1,от 5 до 7
1352,984502,0,11,1,1,от 0 до 1
1353,984502,0,15,1,1,от 0 до 2
1354,984502,1,1,1,1,от 0 до 0
1355,984700,1,1,1,6,от 0 до 0
1356,984700,1,5,1,7,от 0 до 0
1357,984700,1,26,1,5,от 0 до 0
1358,984700,1,32,1,11,от 0 до 0
1359,984700,1,50,1,9,от 0 до 0
1360,984700,1,53,1,2,от 0 до 0
1361,984700,1,62,1,4,от 0 до 0
1362,984700,1,122,1,1,от 0 до 0
1363,985609,0,1,1,1,от 1 до 2
1364,985609,0,7,1,1,от 0 до 1
1365,985702,1,1,1,3,от 0 до 0
1366,985702,1,1,1,9,от 0 до 0
1367,985702,1,1,1,10,от 0 до 0
1368,985702,1,1,1,12,от 0 до 0
1369,985702,1,1,1,13,от 0 до 0
1370,985702,1,1,1,14,от 0 до 0
1371,985702,1,1,1,16,от 0 до 0
1372,985702,1,2,1,2,от 0 до 0
1373,985702,1,2,1,20,от 0 до 0
1374,985702,1,3,1,5,от 0 до 0
1375,985702,1,4,1,4,от 0 до 0
1376,985702,1,5,1,3,от 0 до 0
1377,985702,1,6,1,7,от 0 до 0
1378,985702,1,7,1,8,от 0 до 0
1379,985702,1,8,1,1,от 0 до 0
1380,985702,1,11,1,6,от 0 до 0
1381,985702,1,18,1,19,от 0 до 0
1382,985702,1,20,1,9,от 0 до 0
1383,985702,1,20,1,10,от 0 до 0
1384,985702,1,25,1,20,от 0 до 0
1385,985702,1,30,1,15,от 0 до 0
1386,985702,1,30,1,17,от 0 до 0
1387,985702,1,31,1,11,от 0 до 0
1388,985702,1,32,1,2,от 0 до 0
1389,985702,1,43,1,5,от 0 до 0
1390,985702,1,63,1,14,от 0 до 0
1391,985702,1,69,1,8,от 0 до 0
1392,985702,1,76,1,7,от 0 до 0
1393,985702,1,78,1,12,от 0 до 0
1394,985702,1,97,1,4,от 0 до 0
1395,985702,1,122,1,1,от 0 до 0
1396,985906,0,1,1,1,от 1 до 3
1397,985906,0,1,1,1,от 20 до 24
1398,985906,0,2,1,1,от 1 до 1
1399,985906,0,16,1,1,от 0 до 2
1400,985906,0,23,1,1,от 0 до 1
1401,986103,1,1,1,4,от 0 до 0
1402,986103,1,1,1,5,от 0 до 0
1403,986103,1,1,1,7,от 0 до 0
1404,986103,1,1,1,9,от 0 до 0
1405,986103,1,1,1,10,от 0 до 0
1406,986103,1,2,1,1,от 0 до 0
1407,986103,1,2,1,3,от 0 до 0
1408,986103,1,6,1,7,от 0 до 0
1409,986103,1,10,1,15,от 0 до 0
1410,986103,1,12,1,10,от 0 до 0
1411,986103,1,15,1,8,от 0 до 0
1412,986103,1,23,1,14,от 0 до 0
1413,986103,1,33,1,2,от 0 до 0
1414,986103,1,41,1,8,от 0 до 0
1415,986103,1,51,1,15,от 0 до 0
1416,986103,1,78,1,1,от 0 до 0
1417,986809,1,3,1,23,от 0 до 0
1418,988306,0,1,1,1,от 4 до 6
1419,988306,0,6,1,1,от 2 до 2
1420,988306,0,17,1,1,от 1 до 1
1421,988306,0,31,1,1,от 0 до 0
1422,988306,1,1,1,1,от 1 до 3
1423,989309,1,1,1,5,от 0 до 0
1424,989309,1,6,1,4,от 0 до 0
1425,990700,1,1,1,1,от 0 до 0
1426,993304,1,1,1,1,от 0 до 0
1425,990700,1,1,1,1,от 0 до 0
1426,993304,1,1,1,1,от 0 до 0
1427,921202,1,5,3,47,от 6 до 7
1428,833603,0,3,3,35,от 1 до 1
1429,240000,1,11,3,2,от 15 до 21
